plot,falltreatment,treatment,block,seedsOut,species,background,bdensity,disturbed,AVFA_seedsIn,BRHO_seedsIn,ESCA_seedsIn,LACA_seedsIn,VUMY_seedsIn
1,dry,consistentDry,A,1.1629,BRHO,Avena fatua,low,NA,74,12,15,15,12
1,dry,consistentDry,A,45.0608,VUMY,Avena fatua,low,NA,74,12,15,15,12
1,dry,consistentDry,A,5.4882,ESCA,Avena fatua,low,NA,74,12,15,15,12
1,dry,consistentDry,A,0,LACA,Avena fatua,low,NA,74,12,15,15,12
1,dry,consistentDry,A,7.6646,ESCA,Bromus hordeaceus,high,NA,10,3231,15,15,12
1,dry,consistentDry,A,93.3745,AVFA,Bromus hordeaceus,high,NA,10,3231,15,15,12
1,dry,consistentDry,A,0,VUMY,Bromus hordeaceus,high,NA,10,3231,15,15,12
1,dry,consistentDry,A,1.2911,LACA,Bromus hordeaceus,high,NA,10,3231,15,15,12
1,dry,consistentDry,A,12.8826,AVFA,Lasthenia californica,high,NA,10,12,15,30980,12
1,dry,consistentDry,A,4.0315,BRHO,Lasthenia californica,high,NA,10,12,15,30980,12
1,dry,consistentDry,A,24.1025,VUMY,Lasthenia californica,high,NA,10,12,15,30980,12
1,dry,consistentDry,A,9.8409,ESCA,Lasthenia californica,high,NA,10,12,15,30980,12
1,dry,consistentDry,A,9.6517,ESCA,Lasthenia californica,low,NA,10,12,15,7745,12
1,dry,consistentDry,A,8.7866,BRHO,Lasthenia californica,low,NA,10,12,15,7745,12
1,dry,consistentDry,A,0,VUMY,Lasthenia californica,low,NA,10,12,15,7745,12
1,dry,consistentDry,A,32.4486,AVFA,Lasthenia californica,low,NA,10,12,15,7745,12
1,dry,consistentDry,A,0,VUMY,Bromus hordeaceus,low,NA,10,808,15,15,12
1,dry,consistentDry,A,2.8387,ESCA,Bromus hordeaceus,low,NA,10,808,15,15,12
1,dry,consistentDry,A,12.2834,LACA,Bromus hordeaceus,low,NA,10,808,15,15,12
1,dry,consistentDry,A,36.7105,AVFA,Bromus hordeaceus,low,NA,10,808,15,15,12
1,dry,consistentDry,A,100.1548,AVFA,Eschscholzia californica,high,NA,10,12,3179,15,12
1,dry,consistentDry,A,3.2734,BRHO,Eschscholzia californica,high,NA,10,12,3179,15,12
1,dry,consistentDry,A,5.0736,LACA,Eschscholzia californica,high,NA,10,12,3179,15,12
1,dry,consistentDry,A,62.5613,VUMY,Eschscholzia californica,high,NA,10,12,3179,15,12
1,dry,consistentDry,A,3.6717,LACA,Avena fatua,high,NA,297,12,15,15,12
1,dry,consistentDry,A,4.4912,VUMY,Avena fatua,high,NA,297,12,15,15,12
1,dry,consistentDry,A,0,BRHO,Avena fatua,high,NA,297,12,15,15,12
1,dry,consistentDry,A,1.3247,ESCA,Avena fatua,high,NA,297,12,15,15,12
1,dry,consistentDry,A,20.0826,AVFA,Trifolium hirtum,high,NA,10,12,15,15,12
1,dry,consistentDry,A,24.6023,ESCA,Trifolium hirtum,high,NA,10,12,15,15,12
1,dry,consistentDry,A,183.1255,VUMY,Trifolium hirtum,high,NA,10,12,15,15,12
1,dry,consistentDry,A,0,LACA,Trifolium hirtum,high,NA,10,12,15,15,12
1,dry,consistentDry,A,0,BRHO,Trifolium hirtum,high,NA,10,12,15,15,12
1,dry,consistentDry,A,21.0878,BRHO,Vulpia myuros,low,NA,10,12,15,15,1563
1,dry,consistentDry,A,108.162,AVFA,Vulpia myuros,low,NA,10,12,15,15,1563
1,dry,consistentDry,A,14.0044,ESCA,Vulpia myuros,low,NA,10,12,15,15,1563
1,dry,consistentDry,A,0,LACA,Vulpia myuros,low,NA,10,12,15,15,1563
1,dry,consistentDry,A,0.9769,BRHO,Eschscholzia californica,low,NA,10,12,795,15,12
1,dry,consistentDry,A,0,LACA,Eschscholzia californica,low,NA,10,12,795,15,12
1,dry,consistentDry,A,83.0588,AVFA,Eschscholzia californica,low,NA,10,12,795,15,12
1,dry,consistentDry,A,0,VUMY,Eschscholzia californica,low,NA,10,12,795,15,12
1,dry,consistentDry,A,57.9232,AVFA,Vulpia myuros,high,NA,10,12,15,15,6251
1,dry,consistentDry,A,93.1103,ESCA,Vulpia myuros,high,NA,10,12,15,15,6251
1,dry,consistentDry,A,2.4809,BRHO,Vulpia myuros,high,NA,10,12,15,15,6251
1,dry,consistentDry,A,19.0927,LACA,Vulpia myuros,high,NA,10,12,15,15,6251
1,dry,consistentDry,A,97.4814,AVFA,Trifolium hirtum,low,NA,10,12,15,15,12
1,dry,consistentDry,A,2.4809,BRHO,Trifolium hirtum,low,NA,10,12,15,15,12
1,dry,consistentDry,A,33.9529,VUMY,Trifolium hirtum,low,NA,10,12,15,15,12
1,dry,consistentDry,A,17.0324,ESCA,Trifolium hirtum,low,NA,10,12,15,15,12
1,dry,consistentDry,A,0,LACA,Trifolium hirtum,low,NA,10,12,15,15,12
1,dry,consistentDry,A,0,VUMY,NA,NA,NA,10,12,15,15,12
1,dry,consistentDry,A,17.6001,ESCA,NA,NA,NA,10,12,15,15,12
1,dry,consistentDry,A,0,LACA,NA,NA,NA,10,12,15,15,12
1,dry,consistentDry,A,116.66,AVFA,NA,NA,NA,10,12,15,15,12
1,dry,consistentDry,A,3.4888,BRHO,NA,NA,NA,10,12,15,15,12
2,dry,fallDry,A,1.8925,ESCA,Vulpia myuros,low,NA,10,12,15,22,1563
2,dry,fallDry,A,12.2394,LACA,Vulpia myuros,low,NA,10,12,15,22,1563
2,dry,fallDry,A,34.1126,BRHO,Vulpia myuros,low,NA,10,12,15,22,1563
2,dry,fallDry,A,21.245,AVFA,Vulpia myuros,low,NA,10,12,15,22,1563
2,dry,fallDry,A,132.894,AVFA,Eschscholzia californica,low,NA,10,12,795,15,12
2,dry,fallDry,A,166.6206,VUMY,Eschscholzia californica,low,NA,10,12,795,15,12
2,dry,fallDry,A,31.0114,BRHO,Eschscholzia californica,low,NA,10,12,795,15,12
2,dry,fallDry,A,0,LACA,Eschscholzia californica,low,NA,10,12,795,15,12
2,dry,fallDry,A,8.7866,BRHO,Vulpia myuros,high,NA,10,12,15,15,6251
2,dry,fallDry,A,38.3572,AVFA,Vulpia myuros,high,NA,10,12,15,15,6251
2,dry,fallDry,A,2.271,ESCA,Vulpia myuros,high,NA,10,12,15,15,6251
2,dry,fallDry,A,7.9215,LACA,Vulpia myuros,high,NA,10,12,15,15,6251
2,dry,fallDry,A,380.2784,AVFA,Trifolium hirtum,high,NA,10,12,15,15,12
2,dry,fallDry,A,4.2581,ESCA,Trifolium hirtum,high,NA,10,12,15,15,12
2,dry,fallDry,A,5.1685,BRHO,Trifolium hirtum,high,NA,10,12,15,15,12
2,dry,fallDry,A,119.4638,VUMY,Trifolium hirtum,high,NA,10,12,15,15,12
2,dry,fallDry,A,0,LACA,Trifolium hirtum,high,NA,10,12,15,15,12
2,dry,fallDry,A,80.1665,VUMY,Lasthenia californica,low,NA,10,14,15,7745,12
2,dry,fallDry,A,8.0851,BRHO,Lasthenia californica,low,NA,10,14,15,7745,12
2,dry,fallDry,A,6.2452,ESCA,Lasthenia californica,low,NA,10,14,15,7745,12
2,dry,fallDry,A,332.2351,AVFA,Lasthenia californica,low,NA,10,14,15,7745,12
2,dry,fallDry,A,14.1936,ESCA,Bromus hordeaceus,high,NA,10,3231,15,15,12
2,dry,fallDry,A,123.1433,AVFA,Bromus hordeaceus,high,NA,10,3231,15,15,12
2,dry,fallDry,A,66.0195,VUMY,Bromus hordeaceus,high,NA,10,3231,15,15,12
2,dry,fallDry,A,0,LACA,Bromus hordeaceus,high,NA,10,3231,15,15,12
2,dry,fallDry,A,192.8187,VUMY,Avena fatua,high,NA,297,12,15,15,12
2,dry,fallDry,A,0,BRHO,Avena fatua,high,NA,297,12,15,15,12
2,dry,fallDry,A,3.9742,ESCA,Avena fatua,high,NA,297,12,15,15,12
2,dry,fallDry,A,12.8175,LACA,Avena fatua,high,NA,297,12,15,15,12
2,dry,fallDry,A,13.0936,BRHO,Avena fatua,low,NA,74,12,15,15,12
2,dry,fallDry,A,8.0109,LACA,Avena fatua,low,NA,74,12,15,15,12
2,dry,fallDry,A,44.013,VUMY,Avena fatua,low,NA,74,12,15,15,12
2,dry,fallDry,A,0.0625,ESCA,Avena fatua,low,NA,74,12,15,15,12
2,dry,fallDry,A,2.5843,BRHO,Eschscholzia californica,high,NA,10,12,3179,15,12
2,dry,fallDry,A,92.2176,VUMY,Eschscholzia californica,high,NA,10,12,3179,15,12
2,dry,fallDry,A,289.8097,AVFA,Eschscholzia californica,high,NA,10,12,3179,15,12
2,dry,fallDry,A,0,LACA,Eschscholzia californica,high,NA,10,12,3179,15,12
2,dry,fallDry,A,95.3117,AVFA,Trifolium hirtum,low,NA,10,12,15,15,12
2,dry,fallDry,A,0,LACA,Trifolium hirtum,low,NA,10,12,15,15,12
2,dry,fallDry,A,293.4198,VUMY,Trifolium hirtum,low,NA,10,12,15,15,12
2,dry,fallDry,A,13.0581,ESCA,Trifolium hirtum,low,NA,10,12,15,15,12
2,dry,fallDry,A,35.6631,BRHO,Trifolium hirtum,low,NA,10,12,15,15,12
2,dry,fallDry,A,8.5162,ESCA,NA,NA,NA,10,19,15,15,12
2,dry,fallDry,A,17.546,BRHO,NA,NA,NA,10,19,15,15,12
2,dry,fallDry,A,183.5971,VUMY,NA,NA,NA,10,19,15,15,12
2,dry,fallDry,A,161.5005,AVFA,NA,NA,NA,10,19,15,15,12
2,dry,fallDry,A,6.5089,LACA,NA,NA,NA,10,19,15,15,12
2,dry,fallDry,A,609.8943,VUMY,Bromus hordeaceus,low,NA,10,808,15,15,12
2,dry,fallDry,A,197.0164,AVFA,Bromus hordeaceus,low,NA,10,808,15,15,12
2,dry,fallDry,A,9.9355,ESCA,Bromus hordeaceus,low,NA,10,808,15,15,12
2,dry,fallDry,A,21.8071,LACA,Bromus hordeaceus,low,NA,10,808,15,15,12
2,dry,fallDry,A,9.3034,BRHO,Lasthenia californica,high,NA,10,17,15,30980,12
2,dry,fallDry,A,291.3595,AVFA,Lasthenia californica,high,NA,10,17,15,30980,12
2,dry,fallDry,A,12.4904,ESCA,Lasthenia californica,high,NA,10,17,15,30980,12
2,dry,fallDry,A,348.9602,VUMY,Lasthenia californica,high,NA,10,17,15,30980,12
3,wet,controlRain,A,2.271,ESCA,Lasthenia californica,high,NA,10,12,15,30980,12
3,wet,controlRain,A,13.9551,BRHO,Lasthenia californica,high,NA,10,12,15,30980,12
3,wet,controlRain,A,17.2908,VUMY,Lasthenia californica,high,NA,10,12,15,30980,12
3,wet,controlRain,A,39.907,AVFA,Lasthenia californica,high,NA,10,12,15,30980,12
3,wet,controlRain,A,18.0901,BRHO,Lasthenia californica,low,NA,10,12,15,7745,12
3,wet,controlRain,A,172.1222,VUMY,Lasthenia californica,low,NA,10,12,15,7745,12
3,wet,controlRain,A,70.4183,AVFA,Lasthenia californica,low,NA,10,12,15,7745,12
3,wet,controlRain,A,2.8387,ESCA,Lasthenia californica,low,NA,10,12,15,7745,12
3,wet,controlRain,A,2.271,ESCA,Avena fatua,high,NA,297,12,15,15,12
3,wet,controlRain,A,3.8764,BRHO,Avena fatua,high,NA,297,12,15,15,12
3,wet,controlRain,A,0,LACA,Avena fatua,high,NA,297,12,15,15,12
3,wet,controlRain,A,113.9622,VUMY,Avena fatua,high,NA,297,12,15,15,12
3,wet,controlRain,A,28.9939,AVFA,Vulpia myuros,low,NA,10,12,15,15,1563
3,wet,controlRain,A,2.4602,ESCA,Vulpia myuros,low,NA,10,12,15,15,1563
3,wet,controlRain,A,63.4198,LACA,Vulpia myuros,low,NA,10,12,15,15,1563
3,wet,controlRain,A,48.0677,BRHO,Vulpia myuros,low,NA,10,12,15,15,1563
3,wet,controlRain,A,2.0818,ESCA,Vulpia myuros,high,NA,10,12,15,15,6251
3,wet,controlRain,A,10.9483,LACA,Vulpia myuros,high,NA,10,12,15,15,6251
3,wet,controlRain,A,13.9551,BRHO,Vulpia myuros,high,NA,10,12,15,15,6251
3,wet,controlRain,A,42.8128,AVFA,Vulpia myuros,high,NA,10,12,15,15,6251
3,wet,controlRain,A,168.2162,AVFA,Trifolium hirtum,high,NA,10,12,15,15,12
3,wet,controlRain,A,0,ESCA,Trifolium hirtum,high,NA,10,12,15,15,12
3,wet,controlRain,A,247.1015,VUMY,Trifolium hirtum,high,NA,10,12,15,15,12
3,wet,controlRain,A,32.703,BRHO,Trifolium hirtum,high,NA,10,12,15,15,12
3,wet,controlRain,A,15.4878,LACA,Trifolium hirtum,high,NA,10,12,15,15,12
3,wet,controlRain,A,5.8667,ESCA,Avena fatua,low,NA,74,12,15,15,12
3,wet,controlRain,A,14.8855,BRHO,Avena fatua,low,NA,74,12,15,15,12
3,wet,controlRain,A,58.4744,VUMY,Avena fatua,low,NA,74,12,15,15,12
3,wet,controlRain,A,0,LACA,Avena fatua,low,NA,74,12,15,15,12
3,wet,controlRain,A,10.0302,ESCA,Bromus hordeaceus,low,NA,10,808,15,15,12
3,wet,controlRain,A,618.1703,AVFA,Bromus hordeaceus,low,NA,10,808,15,15,12
3,wet,controlRain,A,105.4772,LACA,Bromus hordeaceus,low,NA,10,808,15,15,12
3,wet,controlRain,A,317.5223,VUMY,Bromus hordeaceus,low,NA,10,808,15,15,12
3,wet,controlRain,A,199.0715,LACA,Eschscholzia californica,low,NA,10,12,795,15,12
3,wet,controlRain,A,142.5182,VUMY,Eschscholzia californica,low,NA,10,12,795,15,12
3,wet,controlRain,A,156.5282,AVFA,Eschscholzia californica,low,NA,10,12,795,15,12
3,wet,controlRain,A,32.562,BRHO,Eschscholzia californica,low,NA,10,12,795,15,12
3,wet,controlRain,A,0.2952,ESCA,Bromus hordeaceus,high,NA,10,3231,15,15,12
3,wet,controlRain,A,198.0585,VUMY,Bromus hordeaceus,high,NA,10,3231,15,15,12
3,wet,controlRain,A,58.5044,AVFA,Bromus hordeaceus,high,NA,10,3231,15,15,12
3,wet,controlRain,A,39.2535,LACA,Bromus hordeaceus,high,NA,10,3231,15,15,12
3,wet,controlRain,A,33.4456,LACA,Eschscholzia californica,high,NA,10,12,0,15,12
3,wet,controlRain,A,224.2566,VUMY,Eschscholzia californica,high,NA,10,12,0,15,12
3,wet,controlRain,A,20.1085,AVFA,Eschscholzia californica,high,NA,10,12,0,15,12
3,wet,controlRain,A,20.9327,BRHO,Eschscholzia californica,high,NA,10,12,0,15,12
3,wet,controlRain,A,73.879,VUMY,Trifolium hirtum,low,NA,10,12,15,15,12
3,wet,controlRain,A,23.4136,BRHO,Trifolium hirtum,low,NA,10,12,15,15,12
3,wet,controlRain,A,41.3276,AVFA,Trifolium hirtum,low,NA,10,12,15,15,12
3,wet,controlRain,A,109.5494,LACA,Trifolium hirtum,low,NA,10,12,15,15,12
3,wet,controlRain,A,0.247,ESCA,Trifolium hirtum,low,NA,10,12,15,15,12
3,wet,controlRain,A,34.8879,BRHO,NA,NA,NA,10,12,15,15,12
3,wet,controlRain,A,346.5706,AVFA,NA,NA,NA,10,12,15,15,12
3,wet,controlRain,A,1.3569,ESCA,NA,NA,NA,10,12,15,15,12
3,wet,controlRain,A,141.4703,VUMY,NA,NA,NA,10,12,15,15,12
3,wet,controlRain,A,89.9894,LACA,NA,NA,NA,10,12,15,15,12
4,wet,springDry,A,2.4538,AVFA,Vulpia myuros,high,NA,10,12,15,15,6251
4,wet,springDry,A,0,ESCA,Vulpia myuros,high,NA,10,12,15,15,6251
4,wet,springDry,A,0.9665,BRHO,Vulpia myuros,high,NA,10,12,15,15,6251
4,wet,springDry,A,0,LACA,Vulpia myuros,high,NA,10,12,15,15,6251
4,wet,springDry,A,12.9684,BRHO,Avena fatua,low,NA,74,12,15,15,12
4,wet,springDry,A,150.9017,VUMY,Avena fatua,low,NA,74,12,15,15,12
4,wet,springDry,A,3.5957,ESCA,Avena fatua,low,NA,74,12,15,15,12
4,wet,springDry,A,17.357,LACA,Avena fatua,low,NA,74,12,15,15,12
4,wet,springDry,A,82.7197,AVFA,Lasthenia californica,high,1,10,15,15,30980,12
4,wet,springDry,A,42.8992,BRHO,Lasthenia californica,high,1,10,15,15,30980,12
4,wet,springDry,A,0.0795,ESCA,Lasthenia californica,high,1,10,15,15,30980,12
4,wet,springDry,A,474.7116,VUMY,Lasthenia californica,high,1,10,15,15,30980,12
4,wet,springDry,A,75.4551,AVFA,Bromus hordeaceus,high,NA,10,3231,15,15,12
4,wet,springDry,A,0,VUMY,Bromus hordeaceus,high,NA,10,3231,15,15,12
4,wet,springDry,A,0,ESCA,Bromus hordeaceus,high,NA,10,3231,15,15,12
4,wet,springDry,A,0,LACA,Bromus hordeaceus,high,NA,10,3231,15,15,12
4,wet,springDry,A,23.9571,AVFA,Eschscholzia californica,high,NA,10,12,3179,15,12
4,wet,springDry,A,47.1568,VUMY,Eschscholzia californica,high,NA,10,12,3179,15,12
4,wet,springDry,A,0,LACA,Eschscholzia californica,high,NA,10,12,3179,15,12
4,wet,springDry,A,1.1164,BRHO,Eschscholzia californica,high,NA,10,12,3179,15,12
4,wet,springDry,A,354.4618,VUMY,Trifolium hirtum,high,1,10,12,15,15,12
4,wet,springDry,A,15.6349,BRHO,Trifolium hirtum,high,1,10,12,15,15,12
4,wet,springDry,A,0,ESCA,Trifolium hirtum,high,1,10,12,15,15,12
4,wet,springDry,A,0,AVFA,Trifolium hirtum,high,1,10,12,15,15,12
4,wet,springDry,A,0,LACA,Trifolium hirtum,high,1,10,12,15,15,12
4,wet,springDry,A,50.6102,AVFA,Eschscholzia californica,low,NA,10,18,795,15,12
4,wet,springDry,A,0,LACA,Eschscholzia californica,low,NA,10,18,795,15,12
4,wet,springDry,A,8.0113,BRHO,Eschscholzia californica,low,NA,10,18,795,15,12
4,wet,springDry,A,58.16,VUMY,Eschscholzia californica,low,NA,10,18,795,15,12
4,wet,springDry,A,0,LACA,Trifolium hirtum,low,1,10,12,15,15,12
4,wet,springDry,A,0,ESCA,Trifolium hirtum,low,1,10,12,15,15,12
4,wet,springDry,A,0,AVFA,Trifolium hirtum,low,1,10,12,15,15,12
4,wet,springDry,A,9.4314,VUMY,Trifolium hirtum,low,1,10,12,15,15,12
4,wet,springDry,A,0,BRHO,Trifolium hirtum,low,1,10,12,15,15,12
4,wet,springDry,A,0.1788,ESCA,Avena fatua,high,NA,297,12,15,15,12
4,wet,springDry,A,3.7657,BRHO,Avena fatua,high,NA,297,12,15,15,12
4,wet,springDry,A,37.7254,VUMY,Avena fatua,high,NA,297,12,15,15,12
4,wet,springDry,A,0,LACA,Avena fatua,high,NA,297,12,15,15,12
4,wet,springDry,A,30.7013,BRHO,Vulpia myuros,low,NA,10,12,15,15,1563
4,wet,springDry,A,62.0301,AVFA,Vulpia myuros,low,NA,10,12,15,15,1563
4,wet,springDry,A,38.853,LACA,Vulpia myuros,low,NA,10,12,15,15,1563
4,wet,springDry,A,1.3721,ESCA,Vulpia myuros,low,NA,10,12,15,15,1563
4,wet,springDry,A,4.0055,LACA,NA,NA,NA,10,12,15,15,12
4,wet,springDry,A,27.738,BRHO,NA,NA,NA,10,12,15,15,12
4,wet,springDry,A,0.0738,ESCA,NA,NA,NA,10,12,15,15,12
4,wet,springDry,A,312.669,AVFA,NA,NA,NA,10,12,15,15,12
4,wet,springDry,A,116.3201,VUMY,NA,NA,NA,10,12,15,15,12
4,wet,springDry,A,0,LACA,Bromus hordeaceus,low,NA,10,808,15,15,12
4,wet,springDry,A,0.3123,ESCA,Bromus hordeaceus,low,NA,10,808,15,15,12
4,wet,springDry,A,147.2941,AVFA,Bromus hordeaceus,low,NA,10,808,15,15,12
4,wet,springDry,A,130.4671,VUMY,Bromus hordeaceus,low,NA,10,808,15,15,12
4,wet,springDry,A,296.2994,AVFA,Lasthenia californica,low,NA,10,12,15,7745,12
4,wet,springDry,A,7.5806,BRHO,Lasthenia californica,low,NA,10,12,15,7745,12
4,wet,springDry,A,330.0974,VUMY,Lasthenia californica,low,NA,10,12,15,7745,12
4,wet,springDry,A,1.1468,ESCA,Lasthenia californica,low,NA,10,12,15,7745,12
5,dry,fallDry,B,65.2335,VUMY,Avena fatua,low,NA,74,12,15,15,12
5,dry,fallDry,B,0,LACA,Avena fatua,low,NA,74,12,15,15,12
5,dry,fallDry,B,11.3549,ESCA,Avena fatua,low,NA,74,12,15,15,12
5,dry,fallDry,B,5.427,BRHO,Avena fatua,low,NA,74,12,15,15,12
5,dry,fallDry,B,1.5506,BRHO,Lasthenia californica,low,NA,10,12,15,7745,12
5,dry,fallDry,B,202.4598,VUMY,Lasthenia californica,low,NA,10,12,15,7745,12
5,dry,fallDry,B,539.1313,AVFA,Lasthenia californica,low,NA,10,12,15,7745,12
5,dry,fallDry,B,0,ESCA,Lasthenia californica,low,NA,10,12,15,7745,12
5,dry,fallDry,B,503.0056,VUMY,Lasthenia californica,high,NA,10,12,15,30980,12
5,dry,fallDry,B,0,ESCA,Lasthenia californica,high,NA,10,12,15,30980,12
5,dry,fallDry,B,10.2338,BRHO,Lasthenia californica,high,NA,10,12,15,30980,12
5,dry,fallDry,B,230.595,AVFA,Lasthenia californica,high,NA,10,12,15,30980,12
5,dry,fallDry,B,365.465,VUMY,Bromus hordeaceus,low,NA,10,808,15,15,12
5,dry,fallDry,B,155.8502,AVFA,Bromus hordeaceus,low,NA,10,808,15,15,12
5,dry,fallDry,B,11.3549,ESCA,Bromus hordeaceus,low,NA,10,808,15,15,12
5,dry,fallDry,B,0,LACA,Bromus hordeaceus,low,NA,10,808,15,15,12
5,dry,fallDry,B,273.5093,VUMY,Trifolium hirtum,high,NA,10,12,15,15,12
5,dry,fallDry,B,245.544,AVFA,Trifolium hirtum,high,NA,10,12,15,15,12
5,dry,fallDry,B,0,LACA,Trifolium hirtum,high,NA,10,12,15,15,12
5,dry,fallDry,B,0,BRHO,Trifolium hirtum,high,NA,10,12,15,15,12
5,dry,fallDry,B,1.514,ESCA,Trifolium hirtum,high,NA,10,12,15,15,12
5,dry,fallDry,B,1.6746,BRHO,Vulpia myuros,high,NA,10,12,15,15,6251
5,dry,fallDry,B,18.3571,ESCA,Vulpia myuros,high,NA,10,12,15,15,6251
5,dry,fallDry,B,215.8075,AVFA,Vulpia myuros,high,NA,10,12,15,15,6251
5,dry,fallDry,B,0,LACA,Vulpia myuros,high,NA,10,12,15,15,6251
5,dry,fallDry,B,939.9918,VUMY,Trifolium hirtum,low,NA,10,12,15,15,12
5,dry,fallDry,B,18.9248,ESCA,Trifolium hirtum,low,NA,10,12,15,15,12
5,dry,fallDry,B,763.85,AVFA,Trifolium hirtum,low,NA,10,12,15,15,12
5,dry,fallDry,B,0,LACA,Trifolium hirtum,low,NA,10,12,15,15,12
5,dry,fallDry,B,5.9807,BRHO,Trifolium hirtum,low,NA,10,12,15,15,12
5,dry,fallDry,B,56.5881,VUMY,Avena fatua,high,NA,297,12,15,15,12
5,dry,fallDry,B,0.757,ESCA,Avena fatua,high,NA,297,12,15,15,12
5,dry,fallDry,B,1.8607,BRHO,Avena fatua,high,NA,297,12,15,15,12
5,dry,fallDry,B,0,LACA,Avena fatua,high,NA,297,12,15,15,12
5,dry,fallDry,B,12.684,LACA,NA,NA,NA,10,12,15,30,12
5,dry,fallDry,B,11.1125,BRHO,NA,NA,NA,10,12,15,30,12
5,dry,fallDry,B,146.5515,AVFA,NA,NA,NA,10,12,15,30,12
5,dry,fallDry,B,2.271,ESCA,NA,NA,NA,10,12,15,30,12
5,dry,fallDry,B,100.8869,VUMY,NA,NA,NA,10,12,15,30,12
5,dry,fallDry,B,1.8925,ESCA,Bromus hordeaceus,high,NA,10,3231,15,15,12
5,dry,fallDry,B,0,LACA,Bromus hordeaceus,high,NA,10,3231,15,15,12
5,dry,fallDry,B,416.5515,VUMY,Bromus hordeaceus,high,NA,10,3231,15,15,12
5,dry,fallDry,B,102.8669,AVFA,Bromus hordeaceus,high,NA,10,3231,15,15,12
5,dry,fallDry,B,11.3708,BRHO,Eschscholzia californica,low,NA,10,12,795,15,12
5,dry,fallDry,B,106.8887,VUMY,Eschscholzia californica,low,NA,10,12,795,15,12
5,dry,fallDry,B,34.7539,AVFA,Eschscholzia californica,low,NA,10,12,795,15,12
5,dry,fallDry,B,0,LACA,Eschscholzia californica,low,NA,10,12,795,15,12
5,dry,fallDry,B,0,LACA,Eschscholzia californica,high,NA,10,12,3179,15,12
5,dry,fallDry,B,78.1996,AVFA,Eschscholzia californica,high,NA,10,12,3179,15,12
5,dry,fallDry,B,10.3372,BRHO,Eschscholzia californica,high,NA,10,12,3179,15,12
5,dry,fallDry,B,1059.4556,VUMY,Eschscholzia californica,high,NA,10,12,3179,15,12
5,dry,fallDry,B,0.9463,ESCA,Vulpia myuros,low,NA,10,12,15,15,1563
5,dry,fallDry,B,2.2151,BRHO,Vulpia myuros,low,NA,10,12,15,15,1563
5,dry,fallDry,B,60.4416,AVFA,Vulpia myuros,low,NA,10,12,15,15,1563
5,dry,fallDry,B,0,LACA,Vulpia myuros,low,NA,10,12,15,15,1563
6,wet,controlRain,B,19.7598,AVFA,Lasthenia californica,low,1,10,12,15,7745,12
6,wet,controlRain,B,9.8202,BRHO,Lasthenia californica,low,1,10,12,15,7745,12
6,wet,controlRain,B,105.3168,VUMY,Lasthenia californica,low,1,10,12,15,7745,12
6,wet,controlRain,B,0.0341,ESCA,Lasthenia californica,low,1,10,12,15,7745,12
6,wet,controlRain,B,396.1169,VUMY,Eschscholzia californica,low,NA,10,12,795,15,12
6,wet,controlRain,B,0.2946,BRHO,Eschscholzia californica,low,NA,10,12,795,15,12
6,wet,controlRain,B,0,LACA,Eschscholzia californica,low,NA,10,12,795,15,12
6,wet,controlRain,B,10.771,AVFA,Eschscholzia californica,low,NA,10,12,795,15,12
6,wet,controlRain,B,39.0352,AVFA,Bromus hordeaceus,low,NA,10,808,15,15,12
6,wet,controlRain,B,67.5914,VUMY,Bromus hordeaceus,low,NA,10,808,15,15,12
6,wet,controlRain,B,2.1362,LACA,Bromus hordeaceus,low,NA,10,808,15,15,12
6,wet,controlRain,B,0.2328,ESCA,Bromus hordeaceus,low,NA,10,808,15,15,12
6,wet,controlRain,B,0,LACA,Eschscholzia californica,high,NA,10,12,3179,15,12
6,wet,controlRain,B,3.4888,BRHO,Eschscholzia californica,high,NA,10,12,3179,15,12
6,wet,controlRain,B,29.4459,AVFA,Eschscholzia californica,high,NA,10,12,3179,15,12
6,wet,controlRain,B,100.6011,VUMY,Eschscholzia californica,high,NA,10,12,3179,15,12
6,wet,controlRain,B,14.9167,AVFA,Bromus hordeaceus,high,NA,10,3231,15,15,12
6,wet,controlRain,B,0,LACA,Bromus hordeaceus,high,NA,10,3231,15,15,12
6,wet,controlRain,B,0,ESCA,Bromus hordeaceus,high,NA,10,3231,15,15,12
6,wet,controlRain,B,0,VUMY,Bromus hordeaceus,high,NA,10,3231,15,15,12
6,wet,controlRain,B,0,LACA,Avena fatua,low,NA,74,12,15,15,12
6,wet,controlRain,B,0.0681,ESCA,Avena fatua,low,NA,74,12,15,15,12
6,wet,controlRain,B,94.3136,VUMY,Avena fatua,low,NA,74,12,15,15,12
6,wet,controlRain,B,0,BRHO,Avena fatua,low,NA,74,12,15,15,12
6,wet,controlRain,B,0,LACA,Trifolium hirtum,high,NA,10,12,15,15,12
6,wet,controlRain,B,0,ESCA,Trifolium hirtum,high,NA,10,12,15,15,12
6,wet,controlRain,B,0,VUMY,Trifolium hirtum,high,NA,10,12,15,15,12
6,wet,controlRain,B,56.0344,AVFA,Trifolium hirtum,high,NA,10,12,15,15,12
6,wet,controlRain,B,0,BRHO,Trifolium hirtum,high,NA,10,12,15,15,12
6,wet,controlRain,B,0,ESCA,Vulpia myuros,low,NA,0,12,15,15,1563
6,wet,controlRain,B,77.5286,BRHO,Vulpia myuros,low,NA,0,12,15,15,1563
6,wet,controlRain,B,0,LACA,Vulpia myuros,low,NA,0,12,15,15,1563
6,wet,controlRain,B,64.7364,BRHO,Lasthenia californica,high,NA,10,12,15,30980,12
6,wet,controlRain,B,0,ESCA,Lasthenia californica,high,NA,10,12,15,30980,12
6,wet,controlRain,B,23.1499,AVFA,Lasthenia californica,high,NA,10,12,15,30980,12
6,wet,controlRain,B,35.6295,VUMY,Lasthenia californica,high,NA,10,12,15,30980,12
6,wet,controlRain,B,6.1991,AVFA,Vulpia myuros,high,NA,10,12,15,15,6251
6,wet,controlRain,B,11.6293,BRHO,Vulpia myuros,high,NA,10,12,15,15,6251
6,wet,controlRain,B,0,LACA,Vulpia myuros,high,NA,10,12,15,15,6251
6,wet,controlRain,B,0.1987,ESCA,Vulpia myuros,high,NA,10,12,15,15,6251
6,wet,controlRain,B,516.0371,LACA,Trifolium hirtum,low,NA,10,12,15,15,12
6,wet,controlRain,B,91.3081,AVFA,Trifolium hirtum,low,NA,10,12,15,15,12
6,wet,controlRain,B,0.6671,ESCA,Trifolium hirtum,low,NA,10,12,15,15,12
6,wet,controlRain,B,0,BRHO,Trifolium hirtum,low,NA,10,12,15,15,12
6,wet,controlRain,B,0,VUMY,Trifolium hirtum,low,NA,10,12,15,15,12
6,wet,controlRain,B,47.1568,VUMY,Avena fatua,high,NA,297,12,15,15,12
6,wet,controlRain,B,0,BRHO,Avena fatua,high,NA,297,12,15,15,12
6,wet,controlRain,B,0,LACA,Avena fatua,high,NA,297,12,15,15,12
6,wet,controlRain,B,0,ESCA,Avena fatua,high,NA,297,12,15,15,12
6,wet,controlRain,B,0,LACA,NA,NA,NA,10,12,15,15,12
6,wet,controlRain,B,97.2005,AVFA,NA,NA,NA,10,12,15,15,12
6,wet,controlRain,B,436.9861,VUMY,NA,NA,NA,10,12,15,15,12
6,wet,controlRain,B,0,ESCA,NA,NA,NA,10,12,15,15,12
6,wet,controlRain,B,14.9889,BRHO,NA,NA,NA,10,12,15,15,12
7,wet,springDry,B,0,BRHO,Eschscholzia californica,high,NA,10,12,3179,15,12
7,wet,springDry,B,56.5881,VUMY,Eschscholzia californica,high,NA,10,12,3179,15,12
7,wet,springDry,B,38.3572,AVFA,Eschscholzia californica,high,NA,10,12,3179,15,12
7,wet,springDry,B,0,LACA,Eschscholzia californica,high,NA,10,12,3179,15,12
7,wet,springDry,B,17.5731,BRHO,Eschscholzia californica,low,NA,10,12,795,15,12
7,wet,springDry,B,0,LACA,Eschscholzia californica,low,NA,10,12,795,15,12
7,wet,springDry,B,73.879,VUMY,Eschscholzia californica,low,NA,10,12,795,15,12
7,wet,springDry,B,37.2917,AVFA,Eschscholzia californica,low,NA,10,12,795,15,12
7,wet,springDry,B,19.3077,AVFA,Lasthenia californica,low,NA,10,12,15,7745,12
7,wet,springDry,B,53.4443,VUMY,Lasthenia californica,low,NA,10,12,15,7745,12
7,wet,springDry,B,0.3719,ESCA,Lasthenia californica,low,NA,10,12,15,7745,12
7,wet,springDry,B,9.6135,BRHO,Lasthenia californica,low,NA,10,12,15,7745,12
7,wet,springDry,B,0,LACA,Bromus hordeaceus,high,NA,10,3231,15,15,12
7,wet,springDry,B,0,VUMY,Bromus hordeaceus,high,NA,10,3231,15,15,12
7,wet,springDry,B,0.0341,ESCA,Bromus hordeaceus,high,NA,10,3231,15,15,12
7,wet,springDry,B,38.0666,AVFA,Bromus hordeaceus,high,NA,10,3231,15,15,12
7,wet,springDry,B,0.8005,ESCA,Bromus hordeaceus,low,NA,10,808,15,15,12
7,wet,springDry,B,0,VUMY,Bromus hordeaceus,low,NA,10,808,15,15,12
7,wet,springDry,B,0,LACA,Bromus hordeaceus,low,NA,10,808,15,15,12
7,wet,springDry,B,31.9643,AVFA,Bromus hordeaceus,low,NA,10,808,15,15,12
7,wet,springDry,B,0,LACA,Trifolium hirtum,low,NA,10,12,15,15,12
7,wet,springDry,B,542.3029,VUMY,Trifolium hirtum,low,NA,10,12,15,15,12
7,wet,springDry,B,0,ESCA,Trifolium hirtum,low,NA,10,12,15,15,12
7,wet,springDry,B,50.2388,AVFA,Trifolium hirtum,low,NA,10,12,15,15,12
7,wet,springDry,B,56.7509,BRHO,Trifolium hirtum,low,NA,10,12,15,15,12
7,wet,springDry,B,39.2973,VUMY,Avena fatua,high,NA,297,12,15,15,12
7,wet,springDry,B,20.4279,LACA,Avena fatua,high,NA,297,12,15,15,12
7,wet,springDry,B,0.5545,ESCA,Avena fatua,high,NA,297,12,15,15,12
7,wet,springDry,B,2.8796,BRHO,Avena fatua,high,NA,297,12,15,15,12
7,wet,springDry,B,0,BRHO,Lasthenia californica,high,NA,10,12,15,30980,12
7,wet,springDry,B,77.3924,AVFA,Lasthenia californica,high,NA,10,12,15,30980,12
7,wet,springDry,B,0,VUMY,Lasthenia californica,high,NA,10,12,15,30980,12
7,wet,springDry,B,1.5216,ESCA,Lasthenia californica,high,NA,10,12,15,30980,12
7,wet,springDry,B,111.6491,AVFA,Vulpia myuros,low,NA,10,12,15,15,1563
7,wet,springDry,B,0,ESCA,Vulpia myuros,low,NA,10,12,15,15,1563
7,wet,springDry,B,0,LACA,Vulpia myuros,low,NA,10,12,15,15,1563
7,wet,springDry,B,0,BRHO,Vulpia myuros,low,NA,10,12,15,15,1563
7,wet,springDry,B,0,BRHO,Trifolium hirtum,high,NA,10,12,15,15,12
7,wet,springDry,B,0,VUMY,Trifolium hirtum,high,NA,10,12,15,15,12
7,wet,springDry,B,108.4849,AVFA,Trifolium hirtum,high,NA,10,12,15,15,12
7,wet,springDry,B,0.3198,ESCA,Trifolium hirtum,high,NA,10,12,15,15,12
7,wet,springDry,B,0,LACA,Trifolium hirtum,high,NA,10,12,15,15,12
7,wet,springDry,B,0.1817,ESCA,Vulpia myuros,high,NA,10,12,15,15,6251
7,wet,springDry,B,29.4609,BRHO,Vulpia myuros,high,NA,10,12,15,15,6251
7,wet,springDry,B,0,LACA,Vulpia myuros,high,NA,10,12,15,15,6251
7,wet,springDry,B,51.3366,AVFA,Vulpia myuros,high,NA,10,12,15,15,6251
7,wet,springDry,B,139.3744,VUMY,Avena fatua,low,NA,74,12,15,15,12
7,wet,springDry,B,0.8421,ESCA,Avena fatua,low,NA,74,12,15,15,12
7,wet,springDry,B,9.8202,BRHO,Avena fatua,low,NA,74,12,15,15,12
7,wet,springDry,B,0,LACA,Avena fatua,low,NA,74,12,15,15,12
7,wet,springDry,B,18.6069,BRHO,NA,NA,NA,10,12,15,15,12
7,wet,springDry,B,0,AVFA,NA,NA,NA,10,12,15,15,12
7,wet,springDry,B,359.9634,VUMY,NA,NA,NA,10,12,15,15,12
7,wet,springDry,B,3.2872,ESCA,NA,NA,NA,10,12,15,15,12
7,wet,springDry,B,0,LACA,NA,NA,NA,10,12,15,15,12
8,dry,consistentDry,B,0,LACA,Bromus hordeaceus,high,NA,10,3231,15,15,12
8,dry,consistentDry,B,0,VUMY,Bromus hordeaceus,high,NA,10,3231,15,15,12
8,dry,consistentDry,B,10.0736,AVFA,Bromus hordeaceus,high,NA,10,3231,15,15,12
8,dry,consistentDry,B,6.4344,ESCA,Bromus hordeaceus,high,NA,10,3231,15,15,12
8,dry,consistentDry,B,86.9782,VUMY,Lasthenia californica,high,NA,10,12,15,30980,12
8,dry,consistentDry,B,9.3034,BRHO,Lasthenia californica,high,NA,10,12,15,30980,12
8,dry,consistentDry,B,409.1431,AVFA,Lasthenia californica,high,NA,10,12,15,30980,12
8,dry,consistentDry,B,9.0839,ESCA,Lasthenia californica,high,NA,10,12,15,30980,12
8,dry,consistentDry,B,40.0048,BRHO,Trifolium hirtum,high,NA,10,12,15,15,12
8,dry,consistentDry,B,0.9463,ESCA,Trifolium hirtum,high,NA,10,12,15,15,12
8,dry,consistentDry,B,135.6061,AVFA,Trifolium hirtum,high,NA,10,12,15,15,12
8,dry,consistentDry,B,1179.9673,VUMY,Trifolium hirtum,high,NA,10,12,15,15,12
8,dry,consistentDry,B,2.5368,LACA,Trifolium hirtum,high,NA,10,12,15,15,12
8,dry,consistentDry,B,194.5948,AVFA,Trifolium hirtum,low,NA,10,12,15,15,12
8,dry,consistentDry,B,690.0608,VUMY,Trifolium hirtum,low,NA,10,12,15,15,12
8,dry,consistentDry,B,0,LACA,Trifolium hirtum,low,NA,10,12,15,15,12
8,dry,consistentDry,B,62.0229,BRHO,Trifolium hirtum,low,NA,10,12,15,15,12
8,dry,consistentDry,B,1.514,ESCA,Trifolium hirtum,low,NA,10,12,15,15,12
8,dry,consistentDry,B,0,LACA,Eschscholzia californica,high,NA,10,12,3179,15,12
8,dry,consistentDry,B,134.8313,AVFA,Eschscholzia californica,high,NA,10,12,3179,15,12
8,dry,consistentDry,B,154.0455,VUMY,Eschscholzia californica,high,NA,10,12,3179,15,12
8,dry,consistentDry,B,0,BRHO,Eschscholzia californica,high,NA,10,12,3179,15,12
8,dry,consistentDry,B,0,LACA,Eschscholzia californica,low,NA,10,12,795,15,12
8,dry,consistentDry,B,29.4609,BRHO,Eschscholzia californica,low,NA,10,12,795,15,12
8,dry,consistentDry,B,61.4102,AVFA,Eschscholzia californica,low,NA,10,12,795,15,12
8,dry,consistentDry,B,90.3838,VUMY,Eschscholzia californica,low,NA,10,12,795,15,12
8,dry,consistentDry,B,0,LACA,Vulpia myuros,low,NA,10,12,15,15,1563
8,dry,consistentDry,B,17.884,ESCA,Vulpia myuros,low,NA,10,12,15,15,1563
8,dry,consistentDry,B,12.4046,BRHO,Vulpia myuros,low,NA,10,12,15,15,1563
8,dry,consistentDry,B,97.1844,AVFA,Vulpia myuros,low,NA,10,12,15,15,1563
8,dry,consistentDry,B,0,BRHO,Vulpia myuros,high,NA,10,12,15,15,6251
8,dry,consistentDry,B,0,LACA,Vulpia myuros,high,NA,10,12,15,15,6251
8,dry,consistentDry,B,0,ESCA,Vulpia myuros,high,NA,10,12,15,15,6251
8,dry,consistentDry,B,72.3556,AVFA,Vulpia myuros,high,NA,10,12,15,15,6251
8,dry,consistentDry,B,0,LACA,NA,NA,NA,10,12,15,15,12
8,dry,consistentDry,B,118.1711,AVFA,NA,NA,NA,10,12,15,15,12
8,dry,consistentDry,B,9.0839,ESCA,NA,NA,NA,10,12,15,15,12
8,dry,consistentDry,B,226.3525,VUMY,NA,NA,NA,10,12,15,15,12
8,dry,consistentDry,B,8.7866,BRHO,NA,NA,NA,10,12,15,15,12
8,dry,consistentDry,B,0,LACA,Avena fatua,high,NA,297,12,15,15,12
8,dry,consistentDry,B,10.4792,VUMY,Avena fatua,high,NA,297,12,15,15,12
8,dry,consistentDry,B,3.1011,BRHO,Avena fatua,high,NA,297,12,15,15,12
8,dry,consistentDry,B,1.3247,ESCA,Avena fatua,high,NA,297,12,15,15,12
8,dry,consistentDry,B,1.3247,ESCA,Avena fatua,low,NA,74,12,15,15,12
8,dry,consistentDry,B,0,BRHO,Avena fatua,low,NA,74,12,15,15,12
8,dry,consistentDry,B,0,LACA,Avena fatua,low,NA,74,12,15,15,12
8,dry,consistentDry,B,61.3038,VUMY,Avena fatua,low,NA,74,12,15,15,12
8,dry,consistentDry,B,314.3785,VUMY,Bromus hordeaceus,low,NA,10,808,15,15,12
8,dry,consistentDry,B,355.2881,AVFA,Bromus hordeaceus,low,NA,10,808,15,15,12
8,dry,consistentDry,B,0,LACA,Bromus hordeaceus,low,NA,10,808,15,15,12
8,dry,consistentDry,B,33.3078,ESCA,Bromus hordeaceus,low,NA,10,808,15,15,12
8,dry,consistentDry,B,4.6517,BRHO,Lasthenia californica,low,NA,10,12,15,7745,12
8,dry,consistentDry,B,5.2989,ESCA,Lasthenia californica,low,NA,10,12,15,7745,12
8,dry,consistentDry,B,102.6971,VUMY,Lasthenia californica,low,NA,10,12,15,7745,12
8,dry,consistentDry,B,200.4065,AVFA,Lasthenia californica,low,NA,10,12,15,7745,12
9,dry,fallDry,C,12.4046,BRHO,Trifolium hirtum,low,NA,10,12,15,15,12
9,dry,fallDry,C,337.9569,VUMY,Trifolium hirtum,low,NA,10,12,15,15,12
9,dry,fallDry,C,88.1924,AVFA,Trifolium hirtum,low,NA,10,12,15,15,12
9,dry,fallDry,C,18.3571,ESCA,Trifolium hirtum,low,NA,10,12,15,15,12
9,dry,fallDry,C,0,LACA,Trifolium hirtum,low,NA,10,12,15,15,12
9,dry,fallDry,C,0,LACA,Bromus hordeaceus,high,NA,10,3231,15,15,12
9,dry,fallDry,C,6.6237,ESCA,Bromus hordeaceus,high,NA,10,3231,15,15,12
9,dry,fallDry,C,234.7361,VUMY,Bromus hordeaceus,high,NA,10,3231,15,15,12
9,dry,fallDry,C,136.0582,AVFA,Bromus hordeaceus,high,NA,10,3231,15,15,12
9,dry,fallDry,C,117.7836,AVFA,Eschscholzia californica,low,NA,10,12,795,15,12
9,dry,fallDry,C,0,LACA,Eschscholzia californica,low,NA,10,12,795,15,12
9,dry,fallDry,C,1.5506,BRHO,Eschscholzia californica,low,NA,10,12,795,15,12
9,dry,fallDry,C,217.969,VUMY,Eschscholzia californica,low,NA,10,12,795,15,12
9,dry,fallDry,C,23.7754,BRHO,Eschscholzia californica,high,NA,10,12,3179,15,12
9,dry,fallDry,C,66.0195,VUMY,Eschscholzia californica,high,NA,10,12,3179,15,12
9,dry,fallDry,C,92.8579,AVFA,Eschscholzia californica,high,NA,10,12,3179,15,12
9,dry,fallDry,C,0,LACA,Eschscholzia californica,high,NA,10,12,3179,15,12
9,dry,fallDry,C,270.5343,AVFA,Vulpia myuros,low,NA,10,12,15,15,1563
9,dry,fallDry,C,16.1259,BRHO,Vulpia myuros,low,NA,10,12,15,15,1563
9,dry,fallDry,C,12.3012,ESCA,Vulpia myuros,low,NA,10,12,15,15,1563
9,dry,fallDry,C,0,LACA,Vulpia myuros,low,NA,10,12,15,15,1563
9,dry,fallDry,C,18.9945,BRHO,Avena fatua,low,NA,74,12,15,15,12
9,dry,fallDry,C,0,LACA,Avena fatua,low,NA,74,12,15,15,12
9,dry,fallDry,C,1.7032,ESCA,Avena fatua,low,NA,74,12,15,15,12
9,dry,fallDry,C,1116.0437,VUMY,Avena fatua,low,NA,74,12,15,15,12
9,dry,fallDry,C,14.8166,BRHO,Trifolium hirtum,high,NA,10,12,15,15,12
9,dry,fallDry,C,531.2997,VUMY,Trifolium hirtum,high,NA,10,12,15,15,12
9,dry,fallDry,C,1.9871,ESCA,Trifolium hirtum,high,NA,10,12,15,15,12
9,dry,fallDry,C,119.0567,AVFA,Trifolium hirtum,high,NA,10,12,15,15,12
9,dry,fallDry,C,0,LACA,Trifolium hirtum,high,NA,10,12,15,15,12
9,dry,fallDry,C,2.0818,ESCA,Avena fatua,high,NA,297,12,15,15,12
9,dry,fallDry,C,0,BRHO,Avena fatua,high,NA,297,12,15,15,12
9,dry,fallDry,C,0,VUMY,Avena fatua,high,NA,297,12,15,15,12
9,dry,fallDry,C,0,LACA,Avena fatua,high,NA,297,12,15,15,12
9,dry,fallDry,C,104.7396,AVFA,NA,NA,NA,10,12,15,15,12
9,dry,fallDry,C,5.5821,BRHO,NA,NA,NA,10,12,15,15,12
9,dry,fallDry,C,12.8689,ESCA,NA,NA,NA,10,12,15,15,12
9,dry,fallDry,C,2.5368,LACA,NA,NA,NA,10,12,15,15,12
9,dry,fallDry,C,430.6986,VUMY,NA,NA,NA,10,12,15,15,12
9,dry,fallDry,C,172.6073,AVFA,Lasthenia californica,high,NA,10,12,15,30980,12
9,dry,fallDry,C,5.2989,ESCA,Lasthenia californica,high,NA,10,12,15,30980,12
9,dry,fallDry,C,57.3712,BRHO,Lasthenia californica,high,NA,10,12,15,30980,12
9,dry,fallDry,C,892.835,VUMY,Lasthenia californica,high,NA,10,12,15,30980,12
9,dry,fallDry,C,13.9551,BRHO,Lasthenia californica,low,NA,10,12,15,7745,12
9,dry,fallDry,C,217.5499,VUMY,Lasthenia californica,low,NA,10,12,15,7745,12
9,dry,fallDry,C,4.9205,ESCA,Lasthenia californica,low,NA,10,12,15,7745,12
9,dry,fallDry,C,125.9846,AVFA,Lasthenia californica,low,NA,10,12,15,7745,12
9,dry,fallDry,C,122.4336,LACA,Bromus hordeaceus,low,NA,10,808,15,15,12
9,dry,fallDry,C,1012.2988,VUMY,Bromus hordeaceus,low,NA,10,808,15,15,12
9,dry,fallDry,C,145.3407,AVFA,Bromus hordeaceus,low,NA,10,808,15,15,12
9,dry,fallDry,C,3.5957,ESCA,Bromus hordeaceus,low,NA,10,808,15,15,12
9,dry,fallDry,C,4.9205,ESCA,Vulpia myuros,high,NA,10,12,15,15,6251
9,dry,fallDry,C,1.5506,BRHO,Vulpia myuros,high,NA,10,12,15,15,6251
9,dry,fallDry,C,0,LACA,Vulpia myuros,high,NA,10,12,15,15,6251
9,dry,fallDry,C,127.1792,AVFA,Vulpia myuros,high,NA,10,12,15,15,6251
10,dry,consistentDry,C,134.1349,VUMY,Bromus hordeaceus,low,NA,10,808,15,15,12
10,dry,consistentDry,C,0,LACA,Bromus hordeaceus,low,NA,10,808,15,15,12
10,dry,consistentDry,C,21.1804,AVFA,Bromus hordeaceus,low,NA,10,808,15,15,12
10,dry,consistentDry,C,40.3099,ESCA,Bromus hordeaceus,low,NA,10,808,15,15,12
10,dry,consistentDry,C,3.1245,ESCA,Vulpia myuros,high,NA,10,12,15,15,6251
10,dry,consistentDry,C,28.671,AVFA,Vulpia myuros,high,NA,10,12,15,15,6251
10,dry,consistentDry,C,0,LACA,Vulpia myuros,high,NA,10,12,15,15,6251
10,dry,consistentDry,C,6.9776,BRHO,Vulpia myuros,high,NA,10,12,15,15,6251
10,dry,consistentDry,C,40.3149,BRHO,Lasthenia californica,high,NA,10,12,15,30980,12
10,dry,consistentDry,C,19.8711,ESCA,Lasthenia californica,high,NA,10,12,15,30980,12
10,dry,consistentDry,C,29.7171,AVFA,Lasthenia californica,high,NA,10,12,15,30980,12
10,dry,consistentDry,C,124.4939,VUMY,Lasthenia californica,high,NA,10,12,15,30980,12
10,dry,consistentDry,C,21.708,BRHO,Eschscholzia californica,high,NA,10,12,3179,15,12
10,dry,consistentDry,C,0,LACA,Eschscholzia californica,high,NA,10,12,3179,15,12
10,dry,consistentDry,C,28.1383,AVFA,Eschscholzia californica,high,NA,10,12,3179,15,12
10,dry,consistentDry,C,0,VUMY,Eschscholzia californica,high,NA,10,12,3179,15,12
10,dry,consistentDry,C,34.8879,BRHO,Trifolium hirtum,high,NA,10,12,15,15,12
10,dry,consistentDry,C,0,LACA,Trifolium hirtum,high,NA,10,12,15,15,12
10,dry,consistentDry,C,260.945,AVFA,Trifolium hirtum,high,NA,10,12,15,15,12
10,dry,consistentDry,C,221.1128,VUMY,Trifolium hirtum,high,NA,10,12,15,15,12
10,dry,consistentDry,C,34.6325,ESCA,Trifolium hirtum,high,NA,10,12,15,15,12
10,dry,consistentDry,C,514.4316,AVFA,Trifolium hirtum,low,NA,10,0,15,15,12
10,dry,consistentDry,C,43.5272,ESCA,Trifolium hirtum,low,NA,10,0,15,15,12
10,dry,consistentDry,C,0,LACA,Trifolium hirtum,low,NA,10,0,15,15,12
10,dry,consistentDry,C,95.8854,VUMY,Trifolium hirtum,low,NA,10,0,15,15,12
10,dry,consistentDry,C,7.8636,BRHO,Vulpia myuros,low,NA,10,14,15,15,1563
10,dry,consistentDry,C,15.7076,ESCA,Vulpia myuros,low,NA,10,14,15,15,1563
10,dry,consistentDry,C,95.6023,AVFA,Vulpia myuros,low,NA,10,14,15,15,1563
10,dry,consistentDry,C,0,LACA,Vulpia myuros,low,NA,10,14,15,15,1563
10,dry,consistentDry,C,167.183,AVFA,Bromus hordeaceus,high,NA,10,3231,15,15,12
10,dry,consistentDry,C,672.77,VUMY,Bromus hordeaceus,high,NA,10,3231,15,15,12
10,dry,consistentDry,C,0,LACA,Bromus hordeaceus,high,NA,10,3231,15,15,12
10,dry,consistentDry,C,13.6259,ESCA,Bromus hordeaceus,high,NA,10,3231,15,15,12
10,dry,consistentDry,C,0,VUMY,Eschscholzia californica,low,NA,10,12,795,15,12
10,dry,consistentDry,C,0,LACA,Eschscholzia californica,low,NA,10,12,795,15,12
10,dry,consistentDry,C,10.7131,BRHO,Eschscholzia californica,low,NA,10,12,795,15,12
10,dry,consistentDry,C,0,AVFA,Eschscholzia californica,low,NA,10,12,795,15,12
10,dry,consistentDry,C,0.9907,ESCA,Avena fatua,high,NA,297,12,15,15,12
10,dry,consistentDry,C,72.3071,VUMY,Avena fatua,high,NA,297,12,15,15,12
10,dry,consistentDry,C,0,LACA,Avena fatua,high,NA,297,12,15,15,12
10,dry,consistentDry,C,10.854,BRHO,Avena fatua,high,NA,297,12,15,15,12
10,dry,consistentDry,C,0,LACA,NA,NA,NA,10,12,15,15,12
10,dry,consistentDry,C,11.5001,BRHO,NA,NA,NA,10,12,15,15,12
10,dry,consistentDry,C,17.0324,ESCA,NA,NA,NA,10,12,15,15,12
10,dry,consistentDry,C,91.1144,AVFA,NA,NA,NA,10,12,15,15,12
10,dry,consistentDry,C,174.4801,VUMY,NA,NA,NA,10,12,15,15,12
10,dry,consistentDry,C,0,AVFA,Lasthenia californica,low,NA,10,12,15,0,12
10,dry,consistentDry,C,150.9017,VUMY,Lasthenia californica,low,NA,10,12,15,0,12
10,dry,consistentDry,C,0,ESCA,Lasthenia californica,low,NA,10,12,15,0,12
10,dry,consistentDry,C,15.5057,BRHO,Lasthenia californica,low,NA,10,12,15,0,12
10,dry,consistentDry,C,133.0868,VUMY,Avena fatua,low,NA,74,12,0,15,12
10,dry,consistentDry,C,0,LACA,Avena fatua,low,NA,74,12,0,15,12
10,dry,consistentDry,C,0,BRHO,Avena fatua,low,NA,74,12,0,15,12
11,wet,controlRain,C,25.1503,VUMY,Avena fatua,high,NA,297,12,15,15,12
11,wet,controlRain,C,0,BRHO,Avena fatua,high,NA,297,12,15,15,12
11,wet,controlRain,C,0.4656,ESCA,Avena fatua,high,NA,297,12,15,15,12
11,wet,controlRain,C,0,LACA,Avena fatua,high,NA,297,12,15,15,12
11,wet,controlRain,C,0,BRHO,Lasthenia californica,low,NA,10,12,15,7745,12
11,wet,controlRain,C,9.4314,VUMY,Lasthenia californica,low,NA,10,12,15,7745,12
11,wet,controlRain,C,0,ESCA,Lasthenia californica,low,NA,10,12,15,7745,12
11,wet,controlRain,C,20.5346,AVFA,Lasthenia californica,low,NA,10,12,15,7745,12
11,wet,controlRain,C,0.4485,ESCA,Vulpia myuros,high,NA,10,12,15,15,6251
11,wet,controlRain,C,0,BRHO,Vulpia myuros,high,NA,10,12,15,15,6251
11,wet,controlRain,C,18.6922,LACA,Vulpia myuros,high,NA,10,12,15,15,6251
11,wet,controlRain,C,22.0844,AVFA,Vulpia myuros,high,NA,10,12,15,15,6251
11,wet,controlRain,C,0.8658,ESCA,Vulpia myuros,low,NA,10,12,15,15,1563
11,wet,controlRain,C,0,LACA,Vulpia myuros,low,NA,10,12,15,15,1563
11,wet,controlRain,C,0,AVFA,Vulpia myuros,low,NA,10,12,15,15,1563
11,wet,controlRain,C,14.7304,BRHO,Vulpia myuros,low,NA,10,12,15,15,1563
11,wet,controlRain,C,179.1958,VUMY,Trifolium hirtum,high,NA,10,12,15,15,12
11,wet,controlRain,C,11.6234,AVFA,Trifolium hirtum,high,NA,10,12,15,15,12
11,wet,controlRain,C,0,LACA,Trifolium hirtum,high,NA,10,12,15,15,12
11,wet,controlRain,C,20.379,BRHO,Trifolium hirtum,high,NA,10,12,15,15,12
11,wet,controlRain,C,0.4145,ESCA,Trifolium hirtum,high,NA,10,12,15,15,12
11,wet,controlRain,C,9.8799,AVFA,Bromus hordeaceus,high,NA,10,3231,15,15,12
11,wet,controlRain,C,0,VUMY,Bromus hordeaceus,high,NA,10,3231,15,15,12
11,wet,controlRain,C,0,ESCA,Bromus hordeaceus,high,NA,10,3231,15,15,12
11,wet,controlRain,C,0,LACA,Bromus hordeaceus,high,NA,10,3231,15,15,12
11,wet,controlRain,C,23.84,BRHO,Eschscholzia californica,high,NA,10,16,3179,15,12
11,wet,controlRain,C,96.6714,VUMY,Eschscholzia californica,high,NA,10,16,3179,15,12
11,wet,controlRain,C,0,AVFA,Eschscholzia californica,high,NA,10,16,3179,15,12
11,wet,controlRain,C,0,LACA,Eschscholzia californica,high,NA,10,16,3179,15,12
11,wet,controlRain,C,4.8431,AVFA,Lasthenia californica,high,NA,10,12,15,30980,12
11,wet,controlRain,C,0,VUMY,Lasthenia californica,high,NA,10,12,15,30980,12
11,wet,controlRain,C,0.1987,ESCA,Lasthenia californica,high,NA,10,12,15,30980,12
11,wet,controlRain,C,0,BRHO,Lasthenia californica,high,NA,10,12,15,30980,12
11,wet,controlRain,C,48.6245,AVFA,Trifolium hirtum,low,NA,10,12,15,15,0
11,wet,controlRain,C,0.511,ESCA,Trifolium hirtum,low,NA,10,12,15,15,0
11,wet,controlRain,C,37.0199,BRHO,Trifolium hirtum,low,NA,10,12,15,15,0
11,wet,controlRain,C,0,LACA,Trifolium hirtum,low,NA,10,12,15,15,0
11,wet,controlRain,C,13.0248,BRHO,Avena fatua,low,NA,74,12,15,15,12
11,wet,controlRain,C,0.5166,ESCA,Avena fatua,low,NA,74,12,15,15,12
11,wet,controlRain,C,0,LACA,Avena fatua,low,NA,74,12,15,15,12
11,wet,controlRain,C,50.8246,VUMY,Avena fatua,low,NA,74,12,15,15,12
11,wet,controlRain,C,1.2462,ESCA,Bromus hordeaceus,low,NA,10,808,15,15,12
11,wet,controlRain,C,0,LACA,Bromus hordeaceus,low,NA,10,808,15,15,12
11,wet,controlRain,C,11.6234,AVFA,Bromus hordeaceus,low,NA,10,808,15,15,12
11,wet,controlRain,C,53.4443,VUMY,Bromus hordeaceus,low,NA,10,808,15,15,12
11,wet,controlRain,C,0,LACA,Eschscholzia californica,low,NA,10,12,795,15,12
11,wet,controlRain,C,0,BRHO,Eschscholzia californica,low,NA,10,12,795,15,12
11,wet,controlRain,C,79.5233,AVFA,Eschscholzia californica,low,NA,10,12,795,15,12
11,wet,controlRain,C,0,VUMY,Eschscholzia californica,low,NA,10,12,795,15,12
11,wet,controlRain,C,0,LACA,NA,NA,NA,10,12,15,15,12
11,wet,controlRain,C,17.8225,AVFA,NA,NA,NA,10,12,15,15,12
11,wet,controlRain,C,40.625,BRHO,NA,NA,NA,10,12,15,15,12
11,wet,controlRain,C,160.333,VUMY,NA,NA,NA,10,12,15,15,12
11,wet,controlRain,C,0.7324,ESCA,NA,NA,NA,10,12,15,15,12
12,wet,springDry,C,0,AVFA,Lasthenia californica,low,NA,10,12,15,7745,12
12,wet,springDry,C,0,BRHO,Lasthenia californica,low,NA,10,12,15,7745,12
12,wet,springDry,C,0,VUMY,Lasthenia californica,low,NA,10,12,15,7745,12
12,wet,springDry,C,0,ESCA,Lasthenia californica,low,NA,10,12,15,7745,12
12,wet,springDry,C,30.6519,VUMY,Trifolium hirtum,high,NA,10,12,15,15,12
12,wet,springDry,C,0,ESCA,Trifolium hirtum,high,NA,10,12,15,15,12
12,wet,springDry,C,6.0082,LACA,Trifolium hirtum,high,NA,10,12,15,15,12
12,wet,springDry,C,6.5382,AVFA,Trifolium hirtum,high,NA,10,12,15,15,12
12,wet,springDry,C,9.8202,BRHO,Trifolium hirtum,high,NA,10,12,15,15,12
12,wet,springDry,C,7.9426,AVFA,Eschscholzia californica,low,NA,10,12,795,15,12
12,wet,springDry,C,2.008,BRHO,Eschscholzia californica,low,NA,10,12,795,15,12
12,wet,springDry,C,0,LACA,Eschscholzia californica,low,NA,10,12,795,15,12
12,wet,springDry,C,25.1503,VUMY,Eschscholzia californica,low,NA,10,12,795,15,12
12,wet,springDry,C,0,ESCA,Bromus hordeaceus,low,NA,10,808,15,15,12
12,wet,springDry,C,0,AVFA,Bromus hordeaceus,low,NA,10,808,15,15,12
12,wet,springDry,C,0,VUMY,Bromus hordeaceus,low,NA,10,808,15,15,12
12,wet,springDry,C,0,LACA,Bromus hordeaceus,low,NA,10,808,15,15,12
12,wet,springDry,C,3.6807,AVFA,Eschscholzia californica,high,NA,10,12,3179,15,12
12,wet,springDry,C,0,LACA,Eschscholzia californica,high,NA,10,12,3179,15,12
12,wet,springDry,C,0,BRHO,Eschscholzia californica,high,NA,10,12,3179,15,12
12,wet,springDry,C,94.3136,VUMY,Eschscholzia californica,high,NA,10,12,3179,15,12
12,wet,springDry,C,10.5095,BRHO,Avena fatua,low,NA,74,12,15,15,12
12,wet,springDry,C,34.0576,VUMY,Avena fatua,low,NA,74,12,15,15,12
12,wet,springDry,C,0.2583,ESCA,Avena fatua,low,NA,74,12,15,15,12
12,wet,springDry,C,0,LACA,Avena fatua,low,NA,74,12,15,15,12
12,wet,springDry,C,2.791,BRHO,Trifolium hirtum,low,NA,10,12,15,15,12
12,wet,springDry,C,20.4701,AVFA,Trifolium hirtum,low,NA,10,12,15,15,12
12,wet,springDry,C,0.7437,ESCA,Trifolium hirtum,low,NA,10,12,15,15,12
12,wet,springDry,C,0,LACA,Trifolium hirtum,low,NA,10,12,15,15,12
12,wet,springDry,C,0,VUMY,Trifolium hirtum,low,NA,10,12,15,15,12
12,wet,springDry,C,8.8144,AVFA,Vulpia myuros,high,NA,10,12,15,15,6251
12,wet,springDry,C,0.3596,ESCA,Vulpia myuros,high,NA,10,12,15,15,6251
12,wet,springDry,C,0,BRHO,Vulpia myuros,high,NA,10,12,15,15,6251
12,wet,springDry,C,0,LACA,Vulpia myuros,high,NA,10,12,15,15,6251
12,wet,springDry,C,0,LACA,NA,NA,NA,10,12,15,15,12
12,wet,springDry,C,279.7969,VUMY,NA,NA,NA,10,12,15,15,12
12,wet,springDry,C,17.8316,BRHO,NA,NA,NA,10,12,15,15,12
12,wet,springDry,C,28.7194,AVFA,NA,NA,NA,10,12,15,15,12
12,wet,springDry,C,4.9205,ESCA,NA,NA,NA,10,12,15,15,12
12,wet,springDry,C,2.9058,AVFA,Bromus hordeaceus,high,NA,10,3231,15,15,12
12,wet,springDry,C,25.1503,VUMY,Bromus hordeaceus,high,NA,10,3231,15,15,12
12,wet,springDry,C,0.0152,ESCA,Bromus hordeaceus,high,NA,10,3231,15,15,12
12,wet,springDry,C,2.7371,LACA,Bromus hordeaceus,high,NA,10,3231,15,15,12
12,wet,springDry,C,4.098,BRHO,Avena fatua,high,NA,297,14,15,15,12
12,wet,springDry,C,8.8026,VUMY,Avena fatua,high,NA,297,14,15,15,12
12,wet,springDry,C,0,LACA,Avena fatua,high,NA,297,14,15,15,12
12,wet,springDry,C,0.2385,ESCA,Avena fatua,high,NA,297,14,15,15,12
12,wet,springDry,C,2.0818,ESCA,Vulpia myuros,low,NA,10,12,15,15,1563
12,wet,springDry,C,5.427,BRHO,Vulpia myuros,low,NA,10,12,15,15,1563
12,wet,springDry,C,8.0395,AVFA,Vulpia myuros,low,NA,10,12,15,15,1563
12,wet,springDry,C,0,LACA,Vulpia myuros,low,NA,10,12,15,15,1563
12,wet,springDry,C,0,BRHO,Lasthenia californica,high,NA,10,12,15,30980,12
12,wet,springDry,C,0,ESCA,Lasthenia californica,high,NA,10,12,15,30980,12
12,wet,springDry,C,14.147,VUMY,Lasthenia californica,high,NA,10,12,15,30980,12
12,wet,springDry,C,0,AVFA,Lasthenia californica,high,NA,10,12,15,30980,12
13,dry,fallDry,D,6.2023,BRHO,Lasthenia californica,low,1,10,12,15,7745,12
13,dry,fallDry,D,119.4638,VUMY,Lasthenia californica,low,1,10,12,15,7745,12
13,dry,fallDry,D,112.2625,AVFA,Lasthenia californica,low,1,10,12,15,7745,12
13,dry,fallDry,D,14.3829,ESCA,Lasthenia californica,low,1,10,12,15,7745,12
13,dry,fallDry,D,0,LACA,Bromus hordeaceus,high,NA,10,3231,15,15,12
13,dry,fallDry,D,27.1697,AVFA,Bromus hordeaceus,high,NA,10,3231,15,15,12
13,dry,fallDry,D,1.9871,ESCA,Bromus hordeaceus,high,NA,10,3231,15,15,12
13,dry,fallDry,D,132.6677,VUMY,Bromus hordeaceus,high,NA,10,3231,15,15,12
13,dry,fallDry,D,4.4967,BRHO,Avena fatua,high,NA,297,12,15,15,12
13,dry,fallDry,D,304.9472,VUMY,Avena fatua,high,NA,297,12,15,15,12
13,dry,fallDry,D,0.1618,ESCA,Avena fatua,high,NA,297,12,15,15,12
13,dry,fallDry,D,0,LACA,Avena fatua,high,NA,297,12,15,15,12
13,dry,fallDry,D,182.3395,VUMY,Avena fatua,low,NA,74,12,15,15,12
13,dry,fallDry,D,17.1972,BRHO,Avena fatua,low,NA,74,12,15,15,12
13,dry,fallDry,D,0,LACA,Avena fatua,low,NA,74,12,15,15,12
13,dry,fallDry,D,5.1097,ESCA,Avena fatua,low,NA,74,12,15,15,12
13,dry,fallDry,D,180.2436,VUMY,Trifolium hirtum,high,NA,10,12,15,15,12
13,dry,fallDry,D,142.0636,AVFA,Trifolium hirtum,high,NA,10,12,15,15,12
13,dry,fallDry,D,0,LACA,Trifolium hirtum,high,NA,10,12,15,15,12
13,dry,fallDry,D,3.2172,ESCA,Trifolium hirtum,high,NA,10,12,15,15,12
13,dry,fallDry,D,6.2023,BRHO,Trifolium hirtum,high,NA,10,12,15,15,12
13,dry,fallDry,D,199.1063,VUMY,Eschscholzia californica,low,NA,10,16,795,15,12
13,dry,fallDry,D,129.7945,AVFA,Eschscholzia californica,low,NA,10,16,795,15,12
13,dry,fallDry,D,0,LACA,Eschscholzia californica,low,NA,10,16,795,15,12
13,dry,fallDry,D,35.0817,BRHO,Eschscholzia californica,low,NA,10,16,795,15,12
13,dry,fallDry,D,95.2149,AVFA,Vulpia myuros,low,NA,10,12,15,15,1563
13,dry,fallDry,D,2.0818,ESCA,Vulpia myuros,low,NA,10,12,15,15,1563
13,dry,fallDry,D,0,BRHO,Vulpia myuros,low,NA,10,12,15,15,1563
13,dry,fallDry,D,0,LACA,Vulpia myuros,low,NA,10,12,15,15,1563
13,dry,fallDry,D,64.6066,AVFA,Bromus hordeaceus,low,NA,10,808,15,15,12
13,dry,fallDry,D,0.5621,ESCA,Bromus hordeaceus,low,NA,10,808,15,15,12
13,dry,fallDry,D,212.7296,VUMY,Bromus hordeaceus,low,NA,10,808,15,15,12
13,dry,fallDry,D,0,LACA,Bromus hordeaceus,low,NA,10,808,15,15,12
13,dry,fallDry,D,7.2361,BRHO,NA,NA,NA,10,15,15,15,12
13,dry,fallDry,D,339.5288,VUMY,NA,NA,NA,10,15,15,15,12
13,dry,fallDry,D,4.9401,LACA,NA,NA,NA,10,15,15,15,12
13,dry,fallDry,D,0.7636,ESCA,NA,NA,NA,10,15,15,15,12
13,dry,fallDry,D,14.1902,AVFA,NA,NA,NA,10,15,15,15,12
13,dry,fallDry,D,518.7246,VUMY,Trifolium hirtum,low,NA,10,12,15,15,12
13,dry,fallDry,D,0,LACA,Trifolium hirtum,low,NA,10,12,15,15,12
13,dry,fallDry,D,2.4602,ESCA,Trifolium hirtum,low,NA,10,12,15,15,12
13,dry,fallDry,D,30.6238,BRHO,Trifolium hirtum,low,NA,10,12,15,15,12
13,dry,fallDry,D,28.671,AVFA,Trifolium hirtum,low,NA,10,12,15,15,12
13,dry,fallDry,D,0,LACA,Eschscholzia californica,high,NA,10,13,3179,15,12
13,dry,fallDry,D,21.5033,AVFA,Eschscholzia californica,high,NA,10,13,3179,15,12
13,dry,fallDry,D,256.7426,VUMY,Eschscholzia californica,high,NA,10,13,3179,15,12
13,dry,fallDry,D,24.5707,BRHO,Eschscholzia californica,high,NA,10,13,3179,15,12
13,dry,fallDry,D,24.4769,BRHO,Lasthenia californica,high,NA,10,14,15,30980,12
13,dry,fallDry,D,60.0057,AVFA,Lasthenia californica,high,NA,10,14,15,30980,12
13,dry,fallDry,D,543.8748,VUMY,Lasthenia californica,high,NA,10,14,15,30980,12
13,dry,fallDry,D,16.4646,ESCA,Lasthenia californica,high,NA,10,14,15,30980,12
13,dry,fallDry,D,19.7698,BRHO,Vulpia myuros,high,NA,10,12,15,15,6251
13,dry,fallDry,D,14.723,AVFA,Vulpia myuros,high,NA,10,12,15,15,6251
13,dry,fallDry,D,0.1079,ESCA,Vulpia myuros,high,NA,10,12,15,15,6251
13,dry,fallDry,D,0,LACA,Vulpia myuros,high,NA,10,12,15,15,6251
14,dry,consistentDry,D,0,LACA,Bromus hordeaceus,high,NA,10,3231,15,15,12
14,dry,consistentDry,D,1.3247,ESCA,Bromus hordeaceus,high,NA,10,3231,15,15,12
14,dry,consistentDry,D,14.9167,AVFA,Bromus hordeaceus,high,NA,10,3231,15,15,12
14,dry,consistentDry,D,146.186,VUMY,Bromus hordeaceus,high,NA,10,3231,15,15,12
14,dry,consistentDry,D,18.1454,AVFA,Bromus hordeaceus,low,NA,10,808,15,15,12
14,dry,consistentDry,D,0.7362,ESCA,Bromus hordeaceus,low,NA,10,808,15,15,12
14,dry,consistentDry,D,0,LACA,Bromus hordeaceus,low,NA,10,808,15,15,12
14,dry,consistentDry,D,504.0534,VUMY,Bromus hordeaceus,low,NA,10,808,15,15,12
14,dry,consistentDry,D,17.9866,BRHO,Avena fatua,low,1,74,12,15,15,12
14,dry,consistentDry,D,8.1444,LACA,Avena fatua,low,1,74,12,15,15,12
14,dry,consistentDry,D,2.271,ESCA,Avena fatua,low,1,74,12,15,15,12
14,dry,consistentDry,D,121.5598,VUMY,Avena fatua,low,1,74,12,15,15,12
14,dry,consistentDry,D,55.7922,AVFA,Lasthenia californica,high,NA,10,12,15,30980,12
14,dry,consistentDry,D,13.0248,BRHO,Lasthenia californica,high,NA,10,12,15,30980,12
14,dry,consistentDry,D,0.5905,ESCA,Lasthenia californica,high,NA,10,12,15,30980,12
14,dry,consistentDry,D,530.2519,VUMY,Lasthenia californica,high,NA,10,12,15,30980,12
14,dry,consistentDry,D,2.4602,ESCA,Vulpia myuros,low,NA,10,12,15,15,1563
14,dry,consistentDry,D,3.8764,BRHO,Vulpia myuros,low,NA,10,12,15,15,1563
14,dry,consistentDry,D,0,LACA,Vulpia myuros,low,NA,10,12,15,15,1563
14,dry,consistentDry,D,25.4423,AVFA,Vulpia myuros,low,NA,10,12,15,15,1563
14,dry,consistentDry,D,4.3527,ESCA,Trifolium hirtum,low,NA,10,12,15,15,12
14,dry,consistentDry,D,621.4216,VUMY,Trifolium hirtum,low,NA,10,12,15,15,12
14,dry,consistentDry,D,34.5473,AVFA,Trifolium hirtum,low,NA,10,12,15,15,12
14,dry,consistentDry,D,9.3034,BRHO,Trifolium hirtum,low,NA,10,12,15,15,12
14,dry,consistentDry,D,0,LACA,Trifolium hirtum,low,NA,10,12,15,15,12
14,dry,consistentDry,D,490.4305,VUMY,Eschscholzia californica,high,NA,10,13,3179,15,12
14,dry,consistentDry,D,29.1507,BRHO,Eschscholzia californica,high,NA,10,13,3179,15,12
14,dry,consistentDry,D,0,LACA,Eschscholzia californica,high,NA,10,13,3179,15,12
14,dry,consistentDry,D,42.4738,AVFA,Eschscholzia californica,high,NA,10,13,3179,15,12
14,dry,consistentDry,D,113.9576,AVFA,Lasthenia californica,low,NA,10,12,15,7745,12
14,dry,consistentDry,D,334.8131,VUMY,Lasthenia californica,low,NA,10,12,15,7745,12
14,dry,consistentDry,D,4.6517,BRHO,Lasthenia californica,low,NA,10,12,15,7745,12
14,dry,consistentDry,D,2.271,ESCA,Lasthenia californica,low,NA,10,12,15,7745,12
14,dry,consistentDry,D,0,LACA,Trifolium hirtum,high,NA,10,12,15,15,12
14,dry,consistentDry,D,182.3395,VUMY,Trifolium hirtum,high,NA,10,12,15,15,12
14,dry,consistentDry,D,70.7573,AVFA,Trifolium hirtum,high,NA,10,12,15,15,12
14,dry,consistentDry,D,0,BRHO,Trifolium hirtum,high,NA,10,12,15,15,12
14,dry,consistentDry,D,1.4194,ESCA,Trifolium hirtum,high,NA,10,12,15,15,12
14,dry,consistentDry,D,0,LACA,Avena fatua,high,NA,297,12,15,15,12
14,dry,consistentDry,D,132.039,VUMY,Avena fatua,high,NA,297,12,15,15,12
14,dry,consistentDry,D,0.2896,ESCA,Avena fatua,high,NA,297,12,15,15,12
14,dry,consistentDry,D,0,BRHO,Avena fatua,high,NA,297,12,15,15,12
14,dry,consistentDry,D,0,BRHO,Eschscholzia californica,low,NA,10,12,795,15,12
14,dry,consistentDry,D,80.1045,AVFA,Eschscholzia californica,low,NA,10,12,795,15,12
14,dry,consistentDry,D,90.1219,VUMY,Eschscholzia californica,low,NA,10,12,795,15,12
14,dry,consistentDry,D,0,LACA,Eschscholzia californica,low,NA,10,12,795,15,12
14,dry,consistentDry,D,0,BRHO,Vulpia myuros,high,NA,10,12,15,15,6251
14,dry,consistentDry,D,48.6245,AVFA,Vulpia myuros,high,NA,10,12,15,15,6251
14,dry,consistentDry,D,10.2807,LACA,Vulpia myuros,high,NA,10,12,15,15,6251
14,dry,consistentDry,D,3.9742,ESCA,Vulpia myuros,high,NA,10,12,15,15,6251
14,dry,consistentDry,D,641.3322,VUMY,NA,NA,NA,10,12,15,15,12
14,dry,consistentDry,D,665.245,AVFA,NA,NA,NA,10,12,15,15,12
14,dry,consistentDry,D,0,BRHO,NA,NA,NA,10,12,15,15,12
14,dry,consistentDry,D,9.8409,ESCA,NA,NA,NA,10,12,15,15,12
14,dry,consistentDry,D,0,LACA,NA,NA,NA,10,12,15,15,12
15,wet,controlRain,D,2.0027,LACA,Avena fatua,low,NA,74,12,15,15,12
15,wet,controlRain,D,6.7191,BRHO,Avena fatua,low,NA,74,12,15,15,12
15,wet,controlRain,D,0.0994,ESCA,Avena fatua,low,NA,74,12,15,15,12
15,wet,controlRain,D,20.9587,VUMY,Avena fatua,low,NA,74,12,15,15,12
15,wet,controlRain,D,0,LACA,Bromus hordeaceus,high,NA,10,3231,15,15,12
15,wet,controlRain,D,13.3611,VUMY,Bromus hordeaceus,high,NA,10,3231,15,15,12
15,wet,controlRain,D,0,ESCA,Bromus hordeaceus,high,NA,10,3231,15,15,12
15,wet,controlRain,D,4.2619,AVFA,Bromus hordeaceus,high,NA,10,3231,15,15,12
15,wet,controlRain,D,18.3391,AVFA,Eschscholzia californica,high,NA,10,12,3179,15,12
15,wet,controlRain,D,37.7254,VUMY,Eschscholzia californica,high,NA,10,12,3179,15,12
15,wet,controlRain,D,2.5843,BRHO,Eschscholzia californica,high,NA,10,12,3179,15,12
15,wet,controlRain,D,0,LACA,Eschscholzia californica,high,NA,10,12,3179,15,12
15,wet,controlRain,D,84.2534,VUMY,Avena fatua,high,NA,297,12,15,15,12
15,wet,controlRain,D,0,LACA,Avena fatua,high,NA,297,12,15,15,12
15,wet,controlRain,D,0,ESCA,Avena fatua,high,NA,297,12,15,15,12
15,wet,controlRain,D,2.455,BRHO,Avena fatua,high,NA,297,12,15,15,12
15,wet,controlRain,D,0.017,ESCA,Lasthenia californica,low,NA,10,12,15,7745,12
15,wet,controlRain,D,8.1738,VUMY,Lasthenia californica,low,NA,10,12,15,7745,12
15,wet,controlRain,D,2.5843,BRHO,Lasthenia californica,low,NA,10,12,15,7745,12
15,wet,controlRain,D,6.3929,AVFA,Lasthenia californica,low,NA,10,12,15,7745,12
15,wet,controlRain,D,0,VUMY,Eschscholzia californica,low,NA,10,12,795,15,12
15,wet,controlRain,D,6.6758,LACA,Eschscholzia californica,low,NA,10,12,795,15,12
15,wet,controlRain,D,30.9957,AVFA,Eschscholzia californica,low,NA,10,12,795,15,12
15,wet,controlRain,D,13.5675,BRHO,Eschscholzia californica,low,NA,10,12,795,15,12
15,wet,controlRain,D,27.4602,AVFA,Bromus hordeaceus,low,NA,10,808,15,15,12
15,wet,controlRain,D,0,LACA,Bromus hordeaceus,low,NA,10,808,15,15,12
15,wet,controlRain,D,18.8627,VUMY,Bromus hordeaceus,low,NA,10,808,15,15,12
15,wet,controlRain,D,0.3151,ESCA,Bromus hordeaceus,low,NA,10,808,15,15,12
15,wet,controlRain,D,0.4059,ESCA,Vulpia myuros,low,NA,10,14,15,15,1563
15,wet,controlRain,D,1.6022,LACA,Vulpia myuros,low,NA,10,14,15,15,1563
15,wet,controlRain,D,33.3204,AVFA,Vulpia myuros,low,NA,10,14,15,15,1563
15,wet,controlRain,D,4.3194,BRHO,Vulpia myuros,low,NA,10,14,15,15,1563
